{
  "type": "FeatureCollection",
  "name": "civic_constellation_haidian_landmarks",
  "features": [
    {
      "type": "Feature",
      "id": "PUBLIC-001",
      "properties": {
        "id": "PUBLIC-001",
        "layer": "PUBLIC_SPACE",
        "source_type": "agent_generated_design",
        "confidence": "medium",
        "geometry_role": "design_proposal",
        "name_zh": "中关村造物场",
        "name_en": "ZHONGGUANCUN OPEN WORKS",
        "program": "zhongguancun_open_prototyping_on_rail_switch_garden",
        "public_access": "open_in_principle_with_accessible_routes",
        "open_edges": 4,
        "area_sqm_declared": 64774.184,
        "haidian_dna": [
          "jingzhang_railway",
          "three_mountains_five_gardens",
          "campus_research_culture",
          "zhongguancun_innovation",
          "dazhongsi_bell"
        ],
        "design_note": "Rail-switch maker garden derived from Jing-Zhang engineering culture and Zhongguancun open prototyping. Conceptual footprint; professional design and approvals required."
      },
      "geometry": {
        "type": "Polygon",
        "coordinates": [
          [
            [
              116.34989229376338,
              40.01856293393519
            ],
            [
              116.34977852664994,
              40.01826119451046
            ],
            [
              116.35041124322623,
              40.01826474296111
            ],
            [
              116.35072088454069,
              40.018681140535676
            ],
            [
              116.35104627635924,
              40.018538099890456
            ],
            [
              116.35084480772093,
              40.01826717251665
            ],
            [
              116.3509453873135,
              40.01826773590042
            ],
            [
              116.3509474350774,
              40.01805160170388
            ],
            [
              116.35068340508646,
              40.01805012259392
            ],
            [
              116.34920829935784,
              40.01606636632259
            ],
            [
              116.34869958407049,
              40.014684497507616
            ],
            [
              116.3485192682068,
              40.014723742038115
            ],
            [
              116.34833971792048,
              40.014682474429485
            ],
            [
              116.34780477790773,
              40.01605847584921
            ],
            [
              116.346292102208,
              40.018025434072385
            ],
            [
              116.34602807256246,
              40.01802394435691
            ],
            [
              116.34602600928064,
              40.01824007834296
            ],
            [
              116.34612658873702,
              40.01824064590866
            ],
            [
              116.34591998879816,
              40.01850927889311
            ],
            [
              116.34624262484692,
              40.018655962803315
            ],
            [
              116.34656015270973,
              40.01824309149287
            ],
            [
              116.3471928687138,
              40.01824665751361
            ],
            [
              116.34707337473338,
              40.018547085407505
            ],
            [
              116.34743181026064,
              40.01863136335593
            ],
            [
              116.34758394726651,
              40.01824885992529
            ],
            [
              116.34829829257447,
              40.01825287945004
            ],
            [
              116.34829503701516,
              40.01859509173215
            ],
            [
              116.34866984864223,
              40.01859719900002
            ],
            [
              116.3486731023295,
              40.018254986692504
            ],
            [
              116.34938744785607,
              40.0182589995041
            ],
            [
              116.34953229340424,
              40.01864317271312
            ],
            [
              116.34989229376338,
              40.01856293393519
            ]
          ],
          [
            [
              116.34867515726123,
              40.018038852593
            ],
            [
              116.34869063566849,
              40.01641078566816
            ],
            [
              116.34930578190844,
              40.01804239531742
            ],
            [
              116.34867515726123,
              40.018038852593
            ]
          ],
          [
            [
              116.35024984197926,
              40.018047692445414
            ],
            [
              116.3496968594595,
              40.01804459058958
            ],
            [
              116.34913046964965,
              40.01654232978183
            ],
            [
              116.35024984197926,
              40.018047692445414
            ]
          ],
          [
            [
              116.34727864689113,
              40.018030995058886
            ],
            [
              116.34672566483304,
              40.01802787902652
            ],
            [
              116.34787354738651,
              40.01653526340671
            ],
            [
              116.34727864689113,
              40.018030995058886
            ]
          ],
          [
            [
              116.34830034868847,
              40.01803674536656
            ],
            [
              116.34766972421941,
              40.018033197171306
            ],
            [
              116.34831583600136,
              40.016408678562506
            ],
            [
              116.34830034868847,
              40.01803674536656
            ]
          ]
        ]
      }
    },
    {
      "type": "Feature",
      "id": "PUBLIC-002",
      "properties": {
        "id": "PUBLIC-002",
        "layer": "PUBLIC_SPACE",
        "source_type": "agent_generated_design",
        "confidence": "medium",
        "geometry_role": "design_proposal",
        "name_zh": "未来书院",
        "name_en": "FUTURE ACADEMY",
        "program": "haidian_open_academy_and_intellectual_commons",
        "public_access": "open_in_principle_with_accessible_routes",
        "open_edges": 4,
        "area_sqm_declared": 45698.932,
        "haidian_dna": [
          "jingzhang_railway",
          "three_mountains_five_gardens",
          "campus_research_culture",
          "zhongguancun_innovation",
          "dazhongsi_bell"
        ],
        "design_note": "Porous courtyard commons derived from Haidian university and research-institute culture. Conceptual footprint; professional design and approvals required."
      },
      "geometry": {
        "type": "Polygon",
        "coordinates": [
          [
            [
              116.34516639330285,
              39.98825224189929
            ],
            [
              116.3453980332895,
              39.989591320252515
            ],
            [
              116.34745246349253,
              39.98938103154083
            ],
            [
              116.34743234523243,
              39.989499866602905
            ],
            [
              116.34923192758397,
              39.98968010798591
            ],
            [
              116.34943146350601,
              39.98850128234289
            ],
            [
              116.34763191148146,
              39.98832104426568
            ],
            [
              116.34762059873387,
              39.9883878689306
            ],
            [
              116.34743180692456,
              39.9883752734447
            ],
            [
              116.3473949571253,
              39.98816228696312
            ],
            [
              116.34855755862418,
              39.98820006591136
            ],
            [
              116.34862425897089,
              39.98698535580923
            ],
            [
              116.34622630602077,
              39.986907421397554
            ],
            [
              116.34615956331223,
              39.988122129794824
            ],
            [
              116.34637056090767,
              39.98812898932531
            ],
            [
              116.34516639330285,
              39.98825224189929
            ]
          ],
          [
            [
              116.34828289820105,
              39.98722665388234
            ],
            [
              116.34824386276041,
              39.98793748410219
            ],
            [
              116.34650093596856,
              39.987880838108644
            ],
            [
              116.34653998942692,
              39.9871700086139
            ],
            [
              116.34828289820105,
              39.98722665388234
            ]
          ],
          [
            [
              116.34708975736633,
              39.98830975739217
            ],
            [
              116.34709723029344,
              39.988352950972654
            ],
            [
              116.34683725351287,
              39.98833560501913
            ],
            [
              116.34708975736633,
              39.98830975739217
            ]
          ],
          [
            [
              116.34723494108877,
              39.98914891101485
            ],
            [
              116.34567975772902,
              39.98930809858276
            ],
            [
              116.34553459275342,
              39.98846894318548
            ],
            [
              116.34566108886226,
              39.98845599592195
            ],
            [
              116.34713203928611,
              39.98855414653944
            ],
            [
              116.34723494108877,
              39.98914891101485
            ]
          ],
          [
            [
              116.34752830781225,
              39.98893302843277
            ],
            [
              116.34746661691068,
              39.98857646891822
            ],
            [
              116.34758730738426,
              39.98858452091522
            ],
            [
              116.34752830781225,
              39.98893302843277
            ]
          ],
          [
            [
              116.34906405604474,
              39.98871877911988
            ],
            [
              116.34894916857172,
              39.98939749657056
            ],
            [
              116.34779976201736,
              39.989282375102846
            ],
            [
              116.34791420848369,
              39.98860632983953
            ],
            [
              116.34799541298426,
              39.98861174718261
            ],
            [
              116.34906405604474,
              39.98871877911988
            ]
          ]
        ]
      }
    },
    {
      "type": "Feature",
      "id": "PUBLIC-003",
      "properties": {
        "id": "PUBLIC-003",
        "layer": "PUBLIC_SPACE",
        "source_type": "agent_generated_design",
        "confidence": "medium",
        "geometry_role": "design_proposal",
        "name_zh": "世界发布庭",
        "name_en": "WORLD RELEASE FORUM",
        "program": "global_release_forum_with_subtle_dazhongsi_acoustic_reference",
        "public_access": "open_in_principle_with_accessible_routes",
        "open_edges": 4,
        "area_sqm_declared": 44492.566,
        "haidian_dna": [
          "jingzhang_railway",
          "three_mountains_five_gardens",
          "campus_research_culture",
          "zhongguancun_innovation",
          "dazhongsi_bell"
        ],
        "design_note": "Broken acoustic-wave forum derived from Dazhongsi bell culture; not a replica heritage structure. Conceptual footprint; professional design and approvals required."
      },
      "geometry": {
        "type": "MultiPolygon",
        "coordinates": [
          [
            [
              [
                116.3469336977855,
                39.946114409689024
              ],
              [
                116.34696904825648,
                39.946075110997505
              ],
              [
                116.3470060624224,
                39.94603673048495
              ],
              [
                116.34704470005678,
                39.945999309859864
              ],
              [
                116.3470849191696,
                39.945962889787246
              ],
              [
                116.34712667605186,
                39.9459275098452
              ],
              [
                116.34716992532441,
                39.94589320848082
              ],
              [
                116.34721461998608,
                39.94586002296945
              ],
              [
                116.3472607114653,
                39.945827989373676
              ],
              [
                116.347308149673,
                39.94579714250419
              ],
              [
                116.34735688305607,
                39.94576751588246
              ],
              [
                116.34740685865499,
                39.945739141703356
              ],
              [
                116.34745802216088,
                39.945712050800566
              ],
              [
                116.34751031797248,
                39.94568627261406
              ],
              [
                116.34756368926018,
                39.94566183515631
              ],
              [
                116.34761807802451,
                39.94563876498348
              ],
              [
                116.3476734251614,
                39.94561708716543
              ],
              [
                116.34772967052447,
                39.94559682525945
              ],
              [
                116.34778675299295,
                39.94557800128351
              ],
              [
                116.34784461053464,
                39.945560635693695
              ],
              [
                116.34790318027676,
                39.94554474736073
              ],
              [
                116.34796239857279,
                39.945530353550105
              ],
              [
                116.3480222010694,
                39.945517469903685
              ],
              [
                116.34808252278214,
                39.9455061104215
              ],
              [
                116.34814329815858,
                39.94549628744804
              ],
              [
                116.3482044611563,
                39.945488011657595
              ],
              [
                116.34826594531042,
                39.94548129204336
              ],
              [
                116.34832768380721,
                39.94547613590744
              ],
              [
                116.34838960955665,
                39.945472548852955
              ],
              [
                116.34845165526615,
                39.945470534777876
              ],
              [
                116.34851375351104,
                39.94547009587091
              ],
              [
                116.34857583681101,
                39.94547123260904
              ],
              [
                116.34863783770186,
                39.94547394375703
              ],
              [
                116.3486996888077,
                39.94547822636875
              ],
              [
                116.34876132291696,
                39.94548407579045
              ],
              [
                116.34882267305302,
                39.94549148566569
              ],
              [
                116.34888367254776,
                39.945500447942365
              ],
              [
                116.34894425511388,
                39.94551095288131
              ],
              [
                116.34900435491845,
                39.94552298906726
              ],
              [
                116.34906390665006,
                39.94553654342038
              ],
              [
                116.34912284559667,
                39.94555160121189
              ],
              [
                116.34918110770842,
                39.94556814607841
              ],
              [
                116.34923862967297,
                39.94558616004106
              ],
              [
                116.34929534898204,
                39.9456056235246
              ],
              [
                116.34935120399797,
                39.94562651537803
              ],
              [
                116.34940613402408,
                39.94564881289883
              ],
              [
                116.34946007936699,
                39.945672491856385
              ],
              [
                116.34951298140444,
                39.94569752651923
              ],
              [
                116.34956478264667,
                39.94572388968228
              ],
              [
                116.34961542680135,
                39.945751552697416
              ],
              [
                116.34966485883147,
                39.945780485502915
              ],
              [
                116.34971302501864,
                39.945810656658054
              ],
              [
                116.3497598730195,
                39.94584203337623
              ],
              [
                116.34980535192214,
                39.94587458156016
              ],
              [
                116.34984941230299,
                39.945908265839954
              ],
              [
                116.3498920062796,
                39.94594304961099
              ],
              [
                116.34993308756273,
                39.94597889507367
              ],
              [
                116.34997261150721,
                39.94601576327498
              ],
              [
                116.3500105351593,
                39.94605361414979
              ],
              [
                116.35004681730463,
                39.9460924065655
              ],
              [
                116.35008141851212,
                39.94613209836592
              ],
              [
                116.35011430117775,
                39.94617264641802
              ],
              [
                116.35014542956407,
                39.9462140066573
              ],
              [
                116.35017476984063,
                39.946256134137606
              ],
              [
                116.35020229011919,
                39.94629898307775
              ],
              [
                116.35022796048997,
                39.946342506913744
              ],
              [
                116.35025256596056,
                39.94638816684452
              ],
              [
                116.35049034277873,
                39.946312258211755
              ],
              [
                116.35046411135342,
                39.94626358133735
              ],
              [
                116.35043493258547,
                39.94621410933912
              ],
              [
                116.3504036511005,
                39.94616540447454
              ],
              [
                116.35037030089737,
                39.946117519672455
              ],
              [
                116.35033491822195,
                39.94607050696916
              ],
              [
                116.35029754152946,
                39.94602441745428
              ],
              [
                116.35025821144093,
                39.945979301213086
              ],
              [
                116.35021697070074,
                39.94593520727397
              ],
              [
                116.3501738641287,
                39.94589218355369
              ],
              [
                116.35012893857235,
                39.945850276806226
              ],
              [
                116.35008224285511,
                39.94580953257119
              ],
              [
                116.35003382772449,
                39.94576999512551
              ],
              [
                116.34998374579573,
                39.945731707434135
              ],
              [
                116.34993205149524,
                39.945694711104046
              ],
              [
                116.34987880100147,
                39.94565904633887
              ],
              [
                116.34982405218291,
                39.94562475189472
              ],
              [
                116.34976786453689,
                39.945591865039084
              ],
              [
                116.34971029912428,
                39.94556042150994
              ],
              [
                116.34965141850128,
                39.94553045547585
              ],
              [
                116.34959128665497,
                39.94550199950079
              ],
              [
                116.34952996893043,
                39.94547508450704
              ],
              [
                116.34946753196216,
                39.94544973974274
              ],
              [
                116.3494040435996,
                39.945425992749236
              ],
              [
                116.34933957283603,
                39.94540386933209
              ],
              [
                116.34927418973018,
                39.94538339353196
              ],
              [
                116.34920796533358,
                39.9453645875995
              ],
              [
                116.34914097161167,
                39.94534747197077
              ],
              [
                116.34907328136374,
                39.94533206524439
              ],
              [
                116.34900496814932,
                39.94531838416289
              ],
              [
                116.34893610620094,
                39.94530644359268
              ],
              [
                116.3488667703502,
                39.94529625650938
              ],
              [
                116.3487970359422,
                39.9452878339829
              ],
              [
                116.34872697875521,
                39.945281185165726
              ],
              [
                116.34865667491815,
                39.945276317282854
              ],
              [
                116.34858620082879,
                39.94527323562408
              ],
              [
                116.34851563306823,
                39.94527194353805
              ],
              [
                116.34844504832058,
                39.9452724424288
              ],
              [
                116.34837452328841,
                39.94527473175414
              ],
              [
                116.3483041346082,
                39.945278809026355
              ],
              [
                116.34823395876978,
                39.9452846698147
              ],
              [
                116.34816407203104,
                39.94529230775037
              ],
              [
                116.34809455033569,
                39.94530171453344
              ],
              [
                116.34802546923066,
                39.94531287994185
              ],
              [
                116.34795690378566,
                39.945325791842215
              ],
              [
                116.34788892850715,
                39.9453404362039
              ],
              [
                116.34782161726429,
                39.945356797112765
              ],
              [
                116.34775504320126,
                39.94537485679025
              ],
              [
                116.34768927866337,
                39.94539459561117
              ],
              [
                116.34762439511643,
                39.94541599212566
              ],
              [
                116.34756046306755,
                39.94543902308295
              ],
              [
                116.34749755199205,
                39.945463663455484
              ],
              [
                116.34743573025426,
                39.94548988646737
              ],
              [
                116.34737506503625,
                39.94551766362238
              ],
              [
                116.3473156222625,
                39.945546964735875
              ],
              [
                116.34725746653073,
                39.94557775796642
              ],
              [
                116.34720066103843,
                39.94561000985208
              ],
              [
                116.34714526751762,
                39.94564368534494
              ],
              [
                116.34709134616601,
                39.94567874785007
              ],
              [
                116.34703895558084,
                39.94571515926588
              ],
              [
                116.346988152697,
                39.94575288002436
              ],
              [
                116.34693899272409,
                39.94579186913464
              ],
              [
                116.34689152908655,
                39.94583208422768
              ],
              [
                116.34684581336616,
                39.94587348160163
              ],
              [
                116.34680189524475,
                39.945916016270445
              ],
              [
                116.34675982245157,
                39.94595964201166
              ],
              [
                116.34671964071036,
                39.94600431141737
              ],
              [
                116.34668139369079,
                39.946049975944824
              ],
              [
                116.34664512295946,
                39.9460965859707
              ],
              [
                116.34661086793645,
                39.946144090843035
              ],
              [
                116.3465786658507,
                39.9461924389385
              ],
              [
                116.34654855170133,
                39.946241577716094
              ],
              [
                116.34652139966015,
                39.94628995457791
              ],
              [
                116.346757710911,
                39.9463685273361
              ],
              [
                116.34678317994442,
                39.94632314881964
              ],
              [
                116.3468096732389,
                39.946279918136725
              ],
              [
                116.34683800343801,
                39.946237383067036
              ],
              [
                116.34686813975195,
                39.94619558983339
              ],
              [
                116.34690004942755,
                39.946154583853684
              ],
              [
                116.3469336977855,
                39.946114409689024
              ]
            ]
          ],
          [
            [
              [
                116.34737722688594,
                39.946256180145326
              ],
              [
                116.34740626496612,
                39.94622805656519
              ],
              [
                116.34743649162316,
                39.946200684949574
              ],
              [
                116.34746787400752,
                39.946174095043986
              ],
              [
                116.34750037801467,
                39.94614831574372
              ],
              [
                116.34753396832082,
                39.946123375063486
              ],
              [
                116.34756860842197,
                39.94609930010656
              ],
              [
                116.34760426067348,
                39.94607611703532
              ],
              [
                116.34764088633072,
                39.94605385104308
              ],
              [
                116.34767844559126,
                39.94603252632653
              ],
              [
                116.34771689763886,
                39.946012166059155
              ],
              [
                116.3477562006864,
                39.94599279236671
              ],
              [
                116.3477963120229,
                39.94597442630251
              ],
              [
                116.34783718805794,
                39.94595708782531
              ],
              [
                116.34787878437213,
                39.94594079577637
              ],
              [
                116.34792105576084,
                39.94592556786087
              ],
              [
                116.34796395628872,
                39.945911420626494
              ],
              [
                116.34800743933401,
                39.945898369447505
              ],
              [
                116.34805145764514,
                39.945886428506135
              ],
              [
                116.34809596338587,
                39.94587561077897
              ],
              [
                116.34814090819252,
                39.945865928021455
              ],
              [
                116.34818624322294,
                39.94585739075594
              ],
              [
                116.3482319192119,
                39.945850008259804
              ],
              [
                116.34827788652404,
                39.94584378855551
              ],
              [
                116.34832409520556,
                39.94583873840216
              ],
              [
                116.34837049504299,
                39.94583486328763
              ],
              [
                116.34841703561251,
                39.945832167423085
              ],
              [
                116.34846366633988,
                39.94583065373811
              ],
              [
                116.34851033655096,
                39.945830323877615
              ],
              [
                116.34855699552975,
                39.9458311782001
              ],
              [
                116.34860359257246,
                39.9458332157772
              ],
              [
                116.3486500770415,
                39.94583643439468
              ],
              [
                116.34869639842363,
                39.945840830554964
              ],
              [
                116.34874250638023,
                39.94584639948067
              ],
              [
                116.34878835080727,
                39.94585313512025
              ],
              [
                116.34883388188446,
                39.945861030153935
              ],
              [
                116.34887905013387,
                39.945870076002336
              ],
              [
                116.34892380647145,
                39.94588026283546
              ],
              [
                116.3489681022598,
                39.94589157958316
              ],
              [
                116.34901188936334,
                39.945904013947775
              ],
              [
                116.34905512019702,
                39.9459175524165
              ],
              [
                116.34909774778328,
                39.94593218027765
              ],
              [
                116.34913972579687,
                39.945947881634666
              ],
              [
                116.34918100862122,
                39.945964639425355
              ],
              [
                116.34922155139225,
                39.945982435438474
              ],
              [
                116.3492613100526,
                39.94600125033555
              ],
              [
                116.34930024139508,
                39.9460210636701
              ],
              [
                116.34933830311255,
                39.94604185391108
              ],
              [
                116.3493754538419,
                39.946063598465436
              ],
              [
                116.3494116532108,
                39.946086273703465
              ],
              [
                116.34944686187995,
                39.94610985498377
              ],
              [
                116.34948104158664,
                39.94613431668025
              ],
              [
                116.34951415518651,
                39.94615963221028
              ],
              [
                116.34954616669343,
                39.946185774063224
              ],
              [
                116.34957704131875,
                39.94621271383033
              ],
              [
                116.3496067455096,
                39.946240422236116
              ],
              [
                116.3496352469841,
                39.94626886916904
              ],
              [
                116.349662514768,
                39.946298023715585
              ],
              [
                116.34968851922746,
                39.94632785419324
              ],
              [
                116.34971323210083,
                39.94635832818408
              ],
              [
                116.349736626531,
                39.946389412572174
              ],
              [
                116.34975867709232,
                39.946421073576715
              ],
              [
                116.34977935982066,
                39.94645327679166
              ],
              [
                116.34979865223721,
                39.94648598722053
              ],
              [
                116.34981734627445,
                39.946520677816785
              ],
              [
                116.35005512402232,
                39.94644477008595
              ],
              [
                116.35003480407784,
                39.94640706252858
              ],
              [
                116.35001200332319,
                39.946368403912096
              ],
              [
                116.34998755944365,
                39.9463303447469
              ],
              [
                116.3499614990053,
                39.94629292639209
              ],
              [
                116.34993385033161,
                39.94625618951161
              ],
              [
                116.34990464347078,
                39.946220174027246
              ],
              [
                116.34987391016541,
                39.94618491907836
              ],
              [
                116.34984168381561,
                39.94615046297632
              ],
              [
                116.34980799944454,
                39.94611684316521
              ],
              [
                116.34977289365966,
                39.9460840961802
              ],
              [
                116.34973640461232,
                39.946052257607306
              ],
              [
                116.34969857195762,
                39.94602136204598
              ],
              [
                116.34965943681017,
                39.94599144307053
              ],
              [
                116.34961904170001,
                39.945962533194
              ],
              [
                116.3495774305263,
                39.945934663832915
              ],
              [
                116.34953464850925,
                39.945907865272815
              ],
              [
                116.34949074214124,
                39.94588216663562
              ],
              [
                116.34944575913694,
                39.94585759584818
              ],
              [
                116.34939974837994,
                39.9458341796113
              ],
              [
                116.34935275987141,
                39.945811943371524
              ],
              [
                116.34930484467381,
                39.94579091129251
              ],
              [
                116.3492560548582,
                39.945771106230175
              ],
              [
                116.34920644344348,
                39.94575254970592
              ],
              [
                116.349156064344,
                39.945735261885545
              ],
              [
                116.3491049723054,
                39.94571926155502
              ],
              [
                116.34905322285103,
                39.94570456610225
              ],
              [
                116.3490008722155,
                39.94569119149623
              ],
              [
                116.3489479772888,
                39.94567915227117
              ],
              [
                116.34889459555089,
                39.9456684615098
              ],
              [
                116.34884078501153,
                39.945659130829696
              ],
              [
                116.34878660414674,
                39.945651170370446
              ],
              [
                116.348732111833,
                39.94564458878238
              ],
              [
                116.34867736728778,
                39.94563939321777
              ],
              [
                116.3486224299999,
                39.945635589322386
              ],
              [
                116.3485673596702,
                39.945633181229965
              ],
              [
                116.34851221614198,
                39.945632171557236
              ],
              [
                116.34845705933917,
                39.945632561401425
              ],
              [
                116.34840194920017,
                39.94563435033882
              ],
              [
                116.34834694561154,
                39.94563753642544
              ],
              [
                116.34829210834613,
                39.94564211619888
              ],
              [
                116.34823749699346,
                39.94564808468248
              ],
              [
                116.34818317090037,
                39.945655435390194
              ],
              [
                116.34812918910104,
                39.945664160334225
              ],
              [
                116.34807561025757,
                39.945674250033186
              ],
              [
                116.34802249259386,
                39.94568569352261
              ],
              [
                116.34796989383182,
                39.94569847836715
              ],
              [
                116.34791787113097,
                39.9457125906734
              ],
              [
                116.34786648102279,
                39.94572801510603
              ],
              [
                116.34781577935445,
                39.94574473490295
              ],
              [
                116.34776582122197,
                39.945762731895385
              ],
              [
                116.34771666091643,
                39.9457819865256
              ],
              [
                116.34766835185914,
                39.945802477870274
              ],
              [
                116.34762094654913,
                39.94582418366112
              ],
              [
                116.3475744965016,
                39.94584708031085
              ],
              [
                116.34752905219497,
                39.94587114293758
              ],
              [
                116.34748466301404,
                39.945896345392725
              ],
              [
                116.34744137719798,
                39.945922660288616
              ],
              [
                116.34739924178649,
                39.94595005902891
              ],
              [
                116.34735830256935,
                39.945978511839556
              ],
              [
                116.34731860403687,
                39.946007987800684
              ],
              [
                116.34728018933112,
                39.946038454880714
              ],
              [
                116.34724310019912,
                39.946069879971006
              ],
              [
                116.34720737694798,
                39.946102228921426
              ],
              [
                116.34717305839987,
                39.946135466578575
              ],
              [
                116.34714018185127,
                39.9461695568226
              ],
              [
                116.3471087830318,
                39.94620446260704
              ],
              [
                116.34707889606466,
                39.946240146000015
              ],
              [
                116.34705055343137,
                39.94627656822309
              ],
              [
                116.3470237859342,
                39.94631368969649
              ],
              [
                116.34699862266483,
                39.946351470078945
              ],
              [
                116.34697509097097,
                39.94638986831436
              ],
              [
                116.34695405786246,
                39.94642734347261
              ],
              [
                116.34719037009089,
                39.9465059153548
              ],
              [
                116.3472097202367,
                39.946471438560685
              ],
              [
                116.34722963113131,
                39.946438948446854
              ],
              [
                116.34725092256564,
                39.94640698111744
              ],
              [
                116.3472735713996,
                39.94637557131254
              ],
              [
                116.34729755301883,
                39.94634475316517
              ],
              [
                116.34732284135976,
                39.94631456016677
              ],
              [
                116.34734940893999,
                39.94628502512788
              ],
              [
                116.34737722688594,
                39.946256180145326
              ]
            ]
          ],
          [
            [
              [
                116.347748393728,
                39.94647562862829
              ],
              [
                116.34776783228904,
                39.946456802153165
              ],
              [
                116.34778806651448,
                39.946438479055686
              ],
              [
                116.34780907441493,
                39.94642067924784
              ],
              [
                116.34783083315966,
                39.94640342207336
              ],
              [
                116.34785331910297,
                39.94638672628563
              ],
              [
                116.34787650780811,
                39.94637061002845
              ],
              [
                116.34790037407448,
                39.94635509081609
              ],
              [
                116.34792489196661,
                39.946340185512994
              ],
              [
                116.34795003483951,
                39.946325910317334
              ],
              [
                116.3479757753693,
                39.946312280742426
              ],
              [
                116.34800208558359,
                39.94629931159942
              ],
              [
                116.34802893689009,
                39.94628701698224
              ],
              [
                116.34805630010827,
                39.946275410251864
              ],
              [
                116.34808414550287,
                39.94626450402114
              ],
              [
                116.34811244281238,
                39.94625431014248
              ],
              [
                116.34814116128668,
                39.946244839693364
              ],
              [
                116.3481702697158,
                39.94623610296576
              ],
              [
                116.34819973646783,
                39.946228109453806
              ],
              [
                116.34822952952067,
                39.94622086784421
              ],
              [
                116.34825961649743,
                39.94621438600657
              ],
              [
                116.34828996470175,
                39.94620867098488
              ],
              [
                116.34832054115475,
                39.94620372898958
              ],
              [
                116.3483513126278,
                39.9461995653913
              ],
              [
                116.34838224568165,
                39.94619618471464
              ],
              [
                116.34841330670035,
                39.94619359063349
              ],
              [
                116.34844446193001,
                39.94619178596681
              ],
              [
                116.34847567751396,
                39.946190772675806
              ],
              [
                116.34850691952938,
                39.94619055186163
              ],
              [
                116.34853815402545,
                39.94619112376425
              ],
              [
                116.34856934705947,
                39.946192487762175
              ],
              [
                116.34860046473315,
                39.94619464237317
              ],
              [
                116.34863147323065,
                39.94619758525577
              ],
              [
                116.34866233885506,
                39.94620131321194
              ],
              [
                116.34869302806378,
                39.946205822190414
              ],
              [
                116.34872350750692,
                39.94621110729135
              ],
              [
                116.34875374406123,
                39.94621716277119
              ],
              [
                116.34878370486918,
                39.946223982049574
              ],
              [
                116.34881335737137,
                39.94623155771583
              ],
              [
                116.34884266934381,
                39.94623988153731
              ],
              [
                116.34887160893244,
                39.94624894446838
              ],
              [
                116.34890014468884,
                39.94625873666045
              ],
              [
                116.3489282456016,
                39.94626924747189
              ],
              [
                116.34895588113388,
                39.94628046548083
              ],
              [
                116.34898302125235,
                39.94629237849602
              ],
              [
                116.34900963646405,
                39.94630497357181
              ],
              [
                116.34903569784498,
                39.94631823702071
              ],
              [
                116.34906117707325,
                39.946332154428944
              ],
              [
                116.34908604646041,
                39.94634671067261
              ],
              [
                116.3491102789797,
                39.94636188993294
              ],
              [
                116.34913384829619,
                39.94637767571405
              ],
              [
                116.34915672879711,
                39.946394050861805
              ],
              [
                116.34917889561669,
                39.94641099758062
              ],
              [
                116.34920032466502,
                39.94642849745396
              ],
              [
                116.34922099265457,
                39.946446531464716
              ],
              [
                116.34924087712396,
                39.9464650800146
              ],
              [
                116.34925995646387,
                39.94648412294666
              ],
              [
                116.34927820993929,
                39.946503639566124
              ],
              [
                116.34929561771328,
                39.946523608664165
              ],
              [
                116.34931216086738,
                39.94654400853951
              ],
              [
                116.34932782142297,
                39.94656481702313
              ],
              [
                116.34934258236053,
                39.94658601150199
              ],
              [
                116.34935642763786,
                39.946607568943065
              ],
              [
                116.3493693422082,
                39.94662946591965
              ],
              [
                116.34938212492757,
                39.946653187138644
              ],
              [
                116.34961990360513,
                39.94657728030974
              ],
              [
                116.34960549502586,
                39.946550542111936
              ],
              [
                116.34958907217691,
                39.9465226969231
              ],
              [
                116.34957146580287,
                39.94649528350482
              ],
              [
                116.34955269503875,
                39.946468331648454
              ],
              [
                116.34953278028438,
                39.94644187064295
              ],
              [
                116.34951174318303,
                39.94641592924433
              ],
              [
                116.34948960659753,
                39.946390535643765
              ],
              [
                116.34946639458522,
                39.94636571743681
              ],
              [
                116.34944213237254,
                39.94634150159429
              ],
              [
                116.34941684632656,
                39.946317914431745
              ],
              [
                116.34939056392737,
                39.946294981582
              ],
              [
                116.34936331373716,
                39.94627272796628
              ],
              [
                116.3493351253706,
                39.94625117776839
              ],
              [
                116.34930602946109,
                39.94623035440708
              ],
              [
                116.34927605762789,
                39.94621028051104
              ],
              [
                116.34924524244343,
                39.94619097789546
              ],
              [
                116.34921361739526,
                39.94617246753643
              ],
              [
                116.34918121685094,
                39.946154769549175
              ],
              [
                116.34914807602178,
                39.94613790316667
              ],
              [
                116.34911423092257,
                39.94612188671763
              ],
              [
                116.3490797183331,
                39.94610673760708
              ],
              [
                116.34904457575989,
                39.94609247229811
              ],
              [
                116.34900884139184,
                39.94607910629242
              ],
              [
                116.34897255406324,
                39.946066654115384
              ],
              [
                116.348935753207,
                39.9460551292985
              ],
              [
                116.3488984788159,
                39.946044544366124
              ],
              [
                116.3488607713963,
                39.94603491082087
              ],
              [
                116.348822671925,
                39.94602623913153
              ],
              [
                116.34878422180462,
                39.946018538721546
              ],
              [
                116.3487454628201,
                39.946011817959175
              ],
              [
                116.34870643709031,
                39.94600608414773
              ],
              [
                116.34866718702517,
                39.94600134351827
              ],
              [
                116.34862775527736,
                39.945997601222324
              ],
              [
                116.34858818469797,
                39.945994861326724
              ],
              [
                116.34854851828854,
                39.94599312680892
              ],
              [
                116.3485087991542,
                39.94599239955374
              ],
              [
                116.34846907045811,
                39.94599268035151
              ],
              [
                116.34842937537371,
                39.945993968897064
              ],
              [
                116.34838975703731,
                39.94599626379015
              ],
              [
                116.34835025850238,
                39.94599956253688
              ],
              [
                116.34831092269252,
                39.946003861552434
              ],
              [
                116.34827179235357,
                39.946009156165125
              ],
              [
                116.34823291000916,
                39.94601544062116
              ],
              [
                116.34819431791209,
                39.946022708091334
              ],
              [
                116.34815605800163,
                39.94603095067785
              ],
              [
                116.34811817185471,
                39.94604015942354
              ],
              [
                116.34808070064223,
                39.946050324321234
              ],
              [
                116.34804368508449,
                39.946061434324754
              ],
              [
                116.34800716540747,
                39.94607347736051
              ],
              [
                116.34797118129653,
                39.94608644034157
              ],
              [
                116.34793577185731,
                39.946100309180586
              ],
              [
                116.34790097556865,
                39.946115068806606
              ],
              [
                116.34786683024532,
                39.946130703179854
              ],
              [
                116.34783337299326,
                39.94614719531046
              ],
              [
                116.3478006401711,
                39.94616452727643
              ],
              [
                116.34776866735113,
                39.94618268024255
              ],
              [
                116.3477374892788,
                39.94620163448195
              ],
              [
                116.34770713983589,
                39.94622136939715
              ],
              [
                116.34767765200517,
                39.94624186354134
              ],
              [
                116.3476490578317,
                39.946263094643584
              ],
              [
                116.3476213883898,
                39.94628503963192
              ],
              [
                116.34759467374968,
                39.94630767465795
              ],
              [
                116.34756894294318,
                39.946330975124084
              ],
              [
                116.34754422393367,
                39.946354915709094
              ],
              [
                116.34752054358451,
                39.94637947039659
              ],
              [
                116.34749792763105,
                39.946404612502135
              ],
              [
                116.34747640065147,
                39.946430314703505
              ],
              [
                116.34745598604093,
                39.94645654906948
              ],
              [
                116.34743670598581,
                39.94648328709038
              ],
              [
                116.34741858143937,
                39.946510499709674
              ],
              [
                116.34740163209966,
                39.94653815735423
              ],
              [
                116.34738671781403,
                39.94656473076328
              ],
              [
                116.34762303102006,
                39.94664330176948
              ],
              [
                116.34763626238788,
                39.94661972674349
              ],
              [
                116.34764959098447,
                39.94659797724674
              ],
              [
                116.34766384374677,
                39.9465765777089
              ],
              [
                116.34767900518531,
                39.94655555138503
              ],
              [
                116.3476950588227,
                39.946534921125426
              ],
              [
                116.34771198721221,
                39.94651470934941
              ],
              [
                116.3477297719567,
                39.946494938021594
              ],
              [
                116.347748393728,
                39.94647562862829
              ]
            ]
          ],
          [
            [
              [
                116.34915404056689,
                39.94704976010594
              ],
              [
                116.34915643018535,
                39.94679760052456
              ],
              [
                116.34784596195145,
                39.94679023622114
              ],
              [
                116.34784356752233,
                39.947042395737114
              ],
              [
                116.34915404056689,
                39.94704976010594
              ]
            ]
          ],
          [
            [
              [
                116.34927023761146,
                39.9473450569066
              ],
              [
                116.34925161602567,
                39.94736436654302
              ],
              [
                116.34923217760773,
                39.94738319326521
              ],
              [
                116.34921194348239,
                39.94740151661262
              ],
              [
                116.34919093563862,
                39.94741931667221
              ],
              [
                116.34916917690687,
                39.94743657409911
              ],
              [
                116.3491466909328,
                39.947453270138865
              ],
              [
                116.34912350215326,
                39.94746938664656
              ],
              [
                116.3490996357692,
                39.94748490610686
              ],
              [
                116.34907511771665,
                39.94749981165425
              ],
              [
                116.34904997464118,
                39.94751408708945
              ],
              [
                116.34902423386765,
                39.947527716898136
              ],
              [
                116.34899792336952,
                39.94754068626818
              ],
              [
                116.34897107174022,
                39.947552981104586
              ],
              [
                116.34894370816173,
                39.947564588045466
              ],
              [
                116.34891586237092,
                39.94757549447709
              ],
              [
                116.34888756463094,
                39.94758568854611
              ],
              [
                116.34885884569387,
                39.94759515917428
              ],
              [
                116.34882973677159,
                39.9476038960688
              ],
              [
                116.34880026949823,
                39.947611889734844
              ],
              [
                116.34877047589816,
                39.94761913148502
              ],
              [
                116.3487403883506,
                39.94762561344911
              ],
              [
                116.3487100395544,
                39.94763132858258
              ],
              [
                116.34867946249103,
                39.94763627067454
              ],
              [
                116.34864869039177,
                39.947640434353865
              ],
              [
                116.3486177566986,
                39.94764381509565
              ],
              [
                116.34858669503022,
                39.94764640922573
              ],
              [
                116.34855553914333,
                39.94764821392489
              ],
              [
                116.34852432289755,
                39.94764922723183
              ],
              [
                116.34849308021846,
                39.947649448045304
              ],
              [
                116.34846184505986,
                39.947648876125356
              ],
              [
                116.34843065136725,
                39.947647512093525
              ],
              [
                116.34839953304183,
                39.947645357432236
              ],
              [
                116.34836852390227,
                39.9476424144832
              ],
              [
                116.34833765764823,
                39.94763868644462
              ],
              [
                116.3483069678251,
                39.94763417736821
              ],
              [
                116.3482764877854,
                39.947628892154235
              ],
              [
                116.34824625065501,
                39.94762283654672
              ],
              [
                116.34821628929394,
                39.947616017126585
              ],
              [
                116.34818663626397,
                39.947608441305164
              ],
              [
                116.34815732379144,
                39.94760011731569
              ],
              [
                116.34812838373254,
                39.947591054204594
              ],
              [
                116.34809984753775,
                39.94758126182123
              ],
              [
                116.34807174622038,
                39.94757075080806
              ],
              [
                116.34804411031901,
                39.94755953258783
              ],
              [
                116.34801696986864,
                39.947547619352704
              ],
              [
                116.34799035436359,
                39.947535024049294
              ],
              [
                116.34796429272917,
                39.94752176036609
              ],
              [
                116.3479388132884,
                39.94750784271786
              ],
              [
                116.34791394373057,
                39.94749328622959
              ],
              [
                116.34788971108331,
                39.94747810672104
              ],
              [
                116.347866141682,
                39.94746232068925
              ],
              [
                116.34784326113981,
                39.94744594528939
              ],
              [
                116.34782109432268,
                39.94742899831816
              ],
              [
                116.34779966532055,
                39.9474114981932
              ],
              [
                116.34777899742073,
                39.94739346393272
              ],
              [
                116.34775911308417,
                39.94737491513605
              ],
              [
                116.34774003391966,
                39.94735587196128
              ],
              [
                116.34772178066143,
                39.947336355104156
              ],
              [
                116.34770437314546,
                39.94731638577462
              ],
              [
                116.34768783028912,
                39.947295985674884
              ],
              [
                116.34767217006973,
                39.947275176975005
              ],
              [
                116.34765740950533,
                39.94725398228892
              ],
              [
                116.34764356463653,
                39.94723242465057
              ],
              [
                116.34763065050825,
                39.94721052748753
              ],
              [
                116.34761786829537,
                39.94718680608172
              ],
              [
                116.34738008534129,
                39.94726270876155
              ],
              [
                116.34739449319603,
                39.947289447226886
              ],
              [
                116.34741091533007,
                39.947317292717266
              ],
              [
                116.34742852104353,
                39.94734470645457
              ],
              [
                116.3474472912042,
                39.94737165864601
              ],
              [
                116.34746720541493,
                39.94739812000123
              ],
              [
                116.34748824203477,
                39.947424061762696
              ],
              [
                116.347510378203,
                39.94744945573764
              ],
              [
                116.3475335898641,
                39.947474274328854
              ],
              [
                116.34755785179316,
                39.947498490563895
              ],
              [
                116.34758313762431,
                39.9475220781255
              ],
              [
                116.34760941987844,
                39.9475450113791
              ],
              [
                116.34763666999395,
                39.947567265401695
              ],
              [
                116.34766485835651,
                39.94758881600776
              ],
              [
                116.34769395433277,
                39.94760963977673
              ],
              [
                116.3477239263031,
                39.947629714078175
              ],
              [
                116.34775474169456,
                39.94764901709511
              ],
              [
                116.34778636701867,
                39.94766752784972
              ],
              [
                116.34781876790665,
                39.947685226225055
              ],
              [
                116.34785190914569,
                39.947702092986475
              ],
              [
                116.34788575471926,
                39.94771810980359
              ],
              [
                116.34792026784548,
                39.94773325926978
              ],
              [
                116.34795541101552,
                39.947747524920445
              ],
              [
                116.34799114603786,
                39.947760891252344
              ],
              [
                116.34802743407539,
                39.947773343738724
              ],
              [
                116.34806423569208,
                39.94778486884672
              ],
              [
                116.3481015108919,
                39.94779545405072
              ],
              [
                116.34813921916493,
                39.94780508784693
              ],
              [
                116.34817731953069,
                39.94781375976547
              ],
              [
                116.34821577058266,
                39.94782146038192
              ],
              [
                116.34825453053185,
                39.94782818132709
              ],
              [
                116.34829355725522,
                39.94783391529688
              ],
              [
                116.3483328083385,
                39.94783865605958
              ],
              [
                116.34837224112458,
                39.947842398463024
              ],
              [
                116.34841181275789,
                39.94784513843995
              ],
              [
                116.3484514802323,
                39.94784687301257
              ],
              [
                116.34849120043802,
                39.947847600295766
              ],
              [
                116.34853093020732,
                39.947847319499125
              ],
              [
                116.348570626362,
                39.94784603092781
              ],
              [
                116.34861024576115,
                39.94784373598217
              ],
              [
                116.34864974534668,
                39.94784043715636
              ],
              [
                116.34868908219036,
                39.94783613803546
              ],
              [
                116.34872821354196,
                39.947830843291705
              ],
              [
                116.34876709687339,
                39.94782455867942
              ],
              [
                116.34880568992754,
                39.947817291028464
              ],
              [
                116.34884395076104,
                39.94780904823745
              ],
              [
                116.34888183779293,
                39.94779983926443
              ],
              [
                116.34891930984843,
                39.94778967411756
              ],
              [
                116.3489563262036,
                39.94777856384411
              ],
              [
                116.34899284662903,
                39.94776652051885
              ],
              [
                116.34902883143604,
                39.94775355722993
              ],
              [
                116.34906424151598,
                39.94773968806607
              ],
              [
                116.34909903838728,
                39.947724928099625
              ],
              [
                116.34913318423258,
                39.94770929337186
              ],
              [
                116.3491666419437,
                39.947692800874144
              ],
              [
                116.34919937516001,
                39.94767546853013
              ],
              [
                116.34923134830751,
                39.94765731517663
              ],
              [
                116.3492625266393,
                39.9476383605422
              ],
              [
                116.34929287627247,
                39.94761862522606
              ],
              [
                116.34932236422348,
                39.94759813067675
              ],
              [
                116.3493509584467,
                39.94757689916697
              ],
              [
                116.34937862786762,
                39.94755495377045
              ],
              [
                116.34940534241613,
                39.94753231833735
              ],
              [
                116.34943107306073,
                39.94750901746705
              ],
              [
                116.3494557918388,
                39.947485076482494
              ],
              [
                116.349479471888,
                39.94746052140189
              ],
              [
                116.34950208747424,
                39.9474353789113
              ],
              [
                116.34952361402095,
                39.94740967633466
              ],
              [
                116.34954402813487,
                39.947383441604806
              ],
              [
                116.34956330763174,
                39.947356703233034
              ],
              [
                116.34958143156078,
                39.94732949027735
              ],
              [
                116.34959838022657,
                39.94730183231237
              ],
              [
                116.34961329382423,
                39.94727525861657
              ],
              [
                116.34937697612146,
                39.94719669164014
              ],
              [
                116.34936374523464,
                39.947220266866374
              ],
              [
                116.34935041705478,
                39.94724201656127
              ],
              [
                116.34933616467427,
                39.94726341630712
              ],
              [
                116.34932100358093,
                39.94728444284798
              ],
              [
                116.3493049502507,
                39.9473050733326
              ],
              [
                116.34928802212885,
                39.94732528534069
              ],
              [
                116.34927023761146,
                39.9473450569066
              ]
            ]
          ],
          [
            [
              [
                116.34962279487976,
                39.947583809079234
              ],
              [
                116.349593757119,
                39.94761193321071
              ],
              [
                116.34956353068533,
                39.94763930538408
              ],
              [
                116.34953214842743,
                39.947665895851394
              ],
              [
                116.34949964444922,
                39.947691675714964
              ],
              [
                116.34946605407441,
                39.9477166169576
              ],
              [
                116.3494314138073,
                39.94774069247359
              ],
              [
                116.34939576129315,
                39.94776387609811
              ],
              [
                116.34935913527787,
                39.947786142635465
              ],
              [
                116.34932157556537,
                39.94780746788659
              ],
              [
                116.34928312297383,
                39.94782782867569
              ],
              [
                116.3492438192928,
                39.947847202874705
              ],
              [
                116.34920370723601,
                39.94786556942813
              ],
              [
                116.34916283039693,
                39.94788290837513
              ],
              [
                116.34912123319855,
                39.94789920087235
              ],
              [
                116.34907896084927,
                39.94791442921267
              ],
              [
                116.34903605928864,
                39.94792857684659
              ],
              [
                116.34899257514289,
                39.94794162839809
              ],
              [
                116.3489485556684,
                39.9479535696833
              ],
              [
                116.34890404870646,
                39.94796438772418
              ],
              [
                116.34885910262605,
                39.94797407076389
              ],
              [
                116.34881376627483,
                39.947982608278856
              ],
              [
                116.3487680889238,
                39.947989990990635
              ],
              [
                116.34872212021425,
                39.94799621087582
              ],
              [
                116.34867591010604,
                39.948001261174504
              ],
              [
                116.34862950881882,
                39.948005136398194
              ],
              [
                116.34858296678273,
                39.94800783233526
              ],
              [
                116.34853633457837,
                39.948009346055784
              ],
              [
                116.34848966288634,
                39.94800967591472
              ],
              [
                116.34844300242902,
                39.94800882155354
              ],
              [
                116.34839640391667,
                39.94800678390084
              ],
              [
                116.34834991799322,
                39.94800356517111
              ],
              [
                116.3483035951783,
                39.947999168862474
              ],
              [
                116.34825748581667,
                39.947993599752934
              ],
              [
                116.34821164001853,
                39.9479868638948
              ],
              [
                116.34816610761011,
                39.94797896860886
              ],
              [
                116.34812093807516,
                39.947969922475544
              ],
              [
                116.34807618050324,
                39.94795973532615
              ],
              [
                116.34803188353716,
                39.947948418232116
              ],
              [
                116.3479880953176,
                39.94793598349267
              ],
              [
                116.34794486343449,
                39.947922444622186
              ],
              [
                116.34790223486993,
                39.94790781633415
              ],
              [
                116.34786025595344,
                39.94789211452699
              ],
              [
                116.3478189723055,
                39.94787535626479
              ],
              [
                116.34777842879373,
                39.94785755976087
              ],
              [
                116.3477386694788,
                39.947838744355856
              ],
              [
                116.34769973757065,
                39.94781893049844
              ],
              [
                116.34766167537896,
                39.9477981397219
              ],
              [
                116.34762452426882,
                39.94777639462164
              ],
              [
                116.34758832461429,
                39.94775371882974
              ],
              [
                116.34755311575586,
                39.94773013699002
              ],
              [
                116.34751893595708,
                39.94770567473094
              ],
              [
                116.34748582236274,
                39.94768035863766
              ],
              [
                116.3474538109589,
                39.94765421622321
              ],
              [
                116.34742293653376,
                39.947627275898824
              ],
              [
                116.34739323263935,
                39.947599566942365
              ],
              [
                116.34736473155623,
                39.94757111946775
              ],
              [
                116.34733746425704,
                39.94754196439092
              ],
              [
                116.34731146037338,
                39.94751213339663
              ],
              [
                116.34728674816446,
                39.94748165890509
              ],
              [
                116.34726335448453,
                39.94745057403437
              ],
              [
                116.34724130475591,
                39.94741891256742
              ],
              [
                116.34722062293923,
                39.94738670891224
              ],
              [
                116.34720133150921,
                39.947353998067285
              ],
              [
                116.34718263857799,
                39.94731930706297
              ],
              [
                116.34694485469427,
                39.947395208840796
              ],
              [
                116.34696517321986,
                39.947432916922054
              ],
              [
                116.34698797259654,
                39.94747157611972
              ],
              [
                116.34701241520274,
                39.947509635899806
              ],
              [
                116.34703847447798,
                39.94754705490052
              ],
              [
                116.34706612210377,
                39.94758379245508
              ],
              [
                116.34709532803652,
                39.94761980863882
              ],
              [
                116.3471260605376,
                39.94765506430931
              ],
              [
                116.34715828621046,
                39.94768952115204
              ],
              [
                116.34719197003483,
                39.94772314171973
              ],
              [
                116.34722707540566,
                39.947755889473896
              ],
              [
                116.34726356417339,
                39.947787728825205
              ],
              [
                116.34730139668413,
                39.94781862517082
              ],
              [
                116.34734053182386,
                39.947848544933
              ],
              [
                116.34738092706264,
                39.94787745559531
              ],
              [
                116.34742253850071,
                39.94790532573777
              ],
              [
                116.34746532091674,
                39.94793212507149
              ],
              [
                116.34750922781657,
                39.94795782447119
              ],
              [
                116.34755421148331,
                39.947982396006665
              ],
              [
                116.34760022303035,
                39.948005812973875
              ],
              [
                116.34764721245321,
                39.94802804992314
              ],
              [
                116.34769512868543,
                39.94804908268767
              ],
              [
                116.3477439196514,
                39.94806888840858
              ],
              [
                116.34779353232726,
                39.94808744556159
              ],
              [
                116.34784391279317,
                39.94810473397823
              ],
              [
                116.34789500629759,
                39.948120734869875
              ],
              [
                116.34794675731074,
                39.94813543084621
              ],
              [
                116.34799910959124,
                39.94814880593597
              ],
              [
                116.34805200624203,
                39.948160845602814
              ],
              [
                116.34810538977558,
                39.948171536762125
              ],
              [
                116.34815920217434,
                39.94818086779458
              ],
              [
                116.3482133849542,
                39.94818882855906
              ],
              [
                116.3482678792304,
                39.948195410403905
              ],
              [
                116.34832262577693,
                39.94820060617575
              ],
              [
                116.34837756509623,
                39.948204410227895
              ],
              [
                116.3484326374787,
                39.948206818425945
              ],
              [
                116.34848778307206,
                39.9482078281527
              ],
              [
                116.3485429419434,
                39.9482074383107
              ],
              [
                116.3485980541454,
                39.94820564932365
              ],
              [
                116.34865305978245,
                39.94820246313573
              ],
              [
                116.34870789907288,
                39.94819788320981
              ],
              [
                116.34876251241828,
                39.9481919145232
              ],
              [
                116.34881684046324,
                39.94818456356285
              ],
              [
                116.34887082416502,
                39.948175838317624
              ],
              [
                116.34892440485332,
                39.948165748270235
              ],
              [
                116.34897752429622,
                39.948154304386634
              ],
              [
                116.349030124764,
                39.948141519103935
              ],
              [
                116.34908214908977,
                39.948127406317404
              ],
              [
                116.349133540735,
                39.948111981364484
              ],
              [
                116.34918424384587,
                39.948095261009506
              ],
              [
                116.34923420332,
                39.94807726342369
              ],
              [
                116.3492833648606,
                39.948058008167344
              ],
              [
                116.34933167504086,
                39.948037516166494
              ],
              [
                116.34937908135699,
                39.948015809692286
              ],
              [
                116.34942553228935,
                39.947992912334996
              ],
              [
                116.34947097735568,
                39.947968848979556
              ],
              [
                116.3495153671679,
                39.94794364577774
              ],
              [
                116.3495586534841,
                39.947917330120454
              ],
              [
                116.34960078926237,
                39.947889930607346
              ],
              [
                116.34964172871136,
                39.947861477015834
              ],
              [
                116.34968142733976,
                39.947832000269166
              ],
              [
                116.34971984200506,
                39.94780153240235
              ],
              [
                116.34975693096044,
                39.94777010652744
              ],
              [
                116.34979265389953,
                39.94773775679798
              ],
              [
                116.34982697200154,
                39.94770451837076
              ],
              [
                116.34985984797193,
                39.94767042736896
              ],
              [
                116.34989124608357,
                39.947635520842354
              ],
              [
                116.34992113221638,
                39.94759983672606
              ],
              [
                116.34994947389241,
                39.947563413801625
              ],
              [
                116.3499762403136,
                39.94752629165189
              ],
              [
                116.3500014023929,
                39.94748851062105
              ],
              [
                116.35002493278779,
                39.94745011176803
              ],
              [
                116.35004596454897,
                39.947412636048284
              ],
              [
                116.34980964586865,
                39.947334069947935
              ],
              [
                116.34979029677325,
                39.947368547179444
              ],
              [
                116.34977038680863,
                39.94740103773543
              ],
              [
                116.34974909622629,
                39.94743300552906
              ],
              [
                116.3497264481627,
                39.94746441581817
              ],
              [
                116.34970246722881,
                39.94749523446769
              ],
              [
                116.34967717948523,
                39.94752542798394
              ],
              [
                116.34965061241176,
                39.947554963554175
              ],
              [
                116.34962279487976,
                39.947583809079234
              ]
            ]
          ],
          [
            [
              [
                116.3499939761127,
                39.94780325043769
              ],
              [
                116.34995533904373,
                39.94784067203887
              ],
              [
                116.34991512032644,
                39.94787709309896
              ],
              [
                116.34987336366805,
                39.94791247403554
              ],
              [
                116.34983011444677,
                39.947946776397224
              ],
              [
                116.34978541966356,
                39.94797996290427
              ],
              [
                116.34973932789046,
                39.948011997489836
              ],
              [
                116.34969188921784,
                39.948042845338904
              ],
              [
                116.34964315520082,
                39.94807247292574
              ],
              [
                116.34959317880171,
                39.94810084805128
              ],
              [
                116.34954201433287,
                39.948127939877736
              ],
              [
                116.34948971739968,
                39.948153718961116
              ],
              [
                116.3494363448367,
                39.948178157285035
              ],
              [
                116.34938195464895,
                39.94820122828959
              ],
              [
                116.34932660594657,
                39.94822290690129
              ],
              [
                116.34927035888288,
                39.94824316955943
              ],
              [
                116.34921327458596,
                39.94826199424272
              ],
              [
                116.349155415096,
                39.94827936049201
              ],
              [
                116.3490968432942,
                39.948295249433755
              ],
              [
                116.34903762283606,
                39.94830964379979
              ],
              [
                116.34897781808431,
                39.948322527945805
              ],
              [
                116.34891749403317,
                39.94833388786965
              ],
              [
                116.34885671624528,
                39.948343711224894
              ],
              [
                116.34879555077349,
                39.948351987335585
              ],
              [
                116.34873406409349,
                39.94835870720714
              ],
              [
                116.34867232302992,
                39.94836386353633
              ],
              [
                116.34861039468397,
                39.948367450719196
              ],
              [
                116.34854834635958,
                39.94836946485722
              ],
              [
                116.3484862454927,
                39.948369903761424
              ],
              [
                116.34842415957509,
                39.948368766954815
              ],
              [
                116.34836215608229,
                39.94836605567294
              ],
              [
                116.34830030240153,
                39.948361772862505
              ],
              [
                116.34823866575553,
                39.94835592317815
              ],
              [
                116.34817731313197,
                39.948348512977404
              ],
              [
                116.34811631120976,
                39.94833955031385
              ],
              [
                116.34805572628677,
                39.94832904492828
              ],
              [
                116.34799562420618,
                39.94831700823793
              ],
              [
                116.34793607028924,
                39.948303453324826
              ],
              [
                116.3478771292575,
                39.948288394920155
              ],
              [
                116.34781886516991,
                39.94827184938999
              ],
              [
                116.34776134134745,
                39.9482538347161
              ],
              [
                116.34770462030635,
                39.9482343704768
              ],
              [
                116.34764876369184,
                39.94821347782636
              ],
              [
                116.34759383220762,
                39.948191179470776
              ],
              [
                116.34753988555329,
                39.94816749964433
              ],
              [
                116.3474869823569,
                39.94814246408219
              ],
              [
                116.34743518011321,
                39.9481160999934
              ],
              [
                116.3473845351189,
                39.9480884360301
              ],
              [
                116.34733510241463,
                39.94805950225812
              ],
              [
                116.34728693572178,
                39.94802933012237
              ],
              [
                116.34724008738583,
                39.947997952413736
              ],
              [
                116.34719460832015,
                39.947965403233795
              ],
              [
                116.34715054794906,
                39.9479317179568
              ],
              [
                116.34710795415491,
                39.94789693319164
              ],
              [
                116.34706687322621,
                39.947861086742286
              ],
              [
                116.34702734980658,
                39.94782421756602
              ],
              [
                116.34698942684746,
                39.947786365732235
              ],
              [
                116.34695314556018,
                39.94774757237766
              ],
              [
                116.34691854537215,
                39.94770787966258
              ],
              [
                116.34688566388294,
                39.947667330724
              ],
              [
                116.34685453682488,
                39.94762596963029
              ],
              [
                116.34682519802261,
                39.94758384133129
              ],
              [
                116.34679767935803,
                39.947540991611746
              ],
              [
                116.34677201073386,
                39.94749746703905
              ],
              [
                116.34674740719996,
                39.9474518063937
              ],
              [
                116.34650962238659,
                39.947527707269515
              ],
              [
                116.3465358514675,
                39.94757638500943
              ],
              [
                116.3465650279788,
                39.94762585795947
              ],
              [
                116.34659630737849,
                39.947674563831036
              ],
              [
                116.34662965567681,
                39.94772244969088
              ],
              [
                116.34666503663613,
                39.947769463498126
              ],
              [
                116.3467024118087,
                39.94781555415833
              ],
              [
                116.34674174058007,
                39.947860671581275
              ],
              [
                116.34678298021164,
                39.947904766733416
              ],
              [
                116.34682608588837,
                39.94794779169271
              ],
              [
                116.34687101076662,
                39.94798969969984
              ],
              [
                116.34691770602592,
                39.94803044520967
              ],
              [
                116.34696612092077,
                39.94806998393974
              ],
              [
                116.34701620283694,
                39.94810827291953
              ],
              [
                116.34706789734805,
                39.948145270536465
              ],
              [
                116.3471211482748,
                39.9481809365813
              ],
              [
                116.34717589774674,
                39.9482152322924
              ],
              [
                116.34723208626373,
                39.948248120396734
              ],
              [
                116.34728965276115,
                39.94827956515094
              ],
              [
                116.34734853467802,
                39.948309532381096
              ],
              [
                116.34740866802169,
                39.94833798951804
              ],
              [
                116.34746998744059,
                39.948364905634435
              ],
              [
                116.34753242629277,
                39.94839025147726
              ],
              [
                116.34759591672069,
                39.9484139995005
              ],
              [
                116.34766038972204,
                39.9484361238941
              ],
              [
                116.3477257752284,
                39.948456600613184
              ],
              [
                116.3477920021778,
                39.94847540740306
              ],
              [
                116.34785899859368,
                39.948492523824
              ],
              [
                116.34792669166508,
                39.94850793127389
              ],
              [
                116.34799500782017,
                39.94852161300708
              ],
              [
                116.34806387281365,
                39.94853355415434
              ],
              [
                116.34813321180069,
                39.948543741737495
              ],
              [
                116.34820294942254,
                39.948552164684514
              ],
              [
                116.34827300988702,
                39.94855881384107
              ],
              [
                116.3483433170509,
                39.94856368198066
              ],
              [
                116.348413794502,
                39.948566763812416
              ],
              [
                116.34848436564458,
                39.94856805598692
              ],
              [
                116.34855495377985,
                39.94856755709975
              ],
              [
                116.34862548219051,
                39.94856526769308
              ],
              [
                116.34869587422543,
                39.948561190254985
              ],
              [
                116.3487660533801,
                39.948555329216944
              ],
              [
                116.34883594338235,
                39.9485476909488
              ],
              [
                116.34890546827422,
                39.948538283751965
              ],
              [
                116.34897455249487,
                39.94852711785031
              ],
              [
                116.3490431209611,
                39.94851420537931
              ],
              [
                116.34911109915326,
                39.94849956037214
              ],
              [
                116.34917841318959,
                39.94848319874568
              ],
              [
                116.34924498991376,
                39.94846513828166
              ],
              [
                116.34931075696885,
                39.94844539860868
              ],
              [
                116.34937564287814,
                39.94842400118028
              ],
              [
                116.34943957712426,
                39.94840096925122
              ],
              [
                116.34950249022236,
                39.94837632785325
              ],
              [
                116.34956431379925,
                39.94835010376679
              ],
              [
                116.34962498066493,
                39.94832232549266
              ],
              [
                116.34968442488774,
                39.948293023220394
              ],
              [
                116.34974258186367,
                39.94826222879647
              ],
              [
                116.34979938838981,
                39.948229975688
              ],
              [
                116.34985478272965,
                39.94819629894823
              ],
              [
                116.34990870468197,
                39.948161235177466
              ],
              [
                116.34996109564682,
                39.948124822482846
              ],
              [
                116.35001189868774,
                39.94808710043791
              ],
              [
                116.35006105859442,
                39.94804811003913
              ],
              [
                116.3501085219427,
                39.94800789366114
              ],
              [
                116.35015423715207,
                39.94796649501137
              ],
              [
                116.35019815454291,
                39.94792395908143
              ],
              [
                116.35024022638918,
                39.94788033209925
              ],
              [
                116.35028040697121,
                39.947835661478116
              ],
              [
                116.35031865262438,
                39.94778999576607
              ],
              [
                116.35035492178804,
                39.9477433845916
              ],
              [
                116.35038917504893,
                39.947695878611626
              ],
              [
                116.35042137518573,
                39.94764752945433
              ],
              [
                116.35045148720783,
                39.94759838966533
              ],
              [
                116.35047863702286,
                39.94755001187585
              ],
              [
                116.35024231736502,
                39.947471446651576
              ],
              [
                116.35021685017082,
                39.947516825933945
              ],
              [
                116.35019035852281,
                39.9475600573997
              ],
              [
                116.35016202983219,
                39.94760259329125
              ],
              [
                116.35013189488211,
                39.94764438738217
              ],
              [
                116.35009998641988,
                39.94768539425088
              ],
              [
                116.35006633911946,
                39.9477255693324
              ],
              [
                116.35003098954567,
                39.947764868964626
              ],
              [
                116.3499939761127,
                39.94780325043769
              ]
            ]
          ]
        ]
      }
    }
  ]
}
